[{"id":3,"name":"Johnny B. Goode","license_number":"12-234-45"},
{"id":1352,"name":"Taylor Swift","license_number":"44-455-10"},
{"id":2,"name":"Eyal Golan","license_number":"11-288-10"},
{"id":7,"name":"Janice Joplin","license_number":"65-112-10"},
{"id":9,"name":"Keren Peles","license_number":"12-234-45"},
{"id":8,"name":"Brittney Spears","license_number":"62-932-14"},
{"id":5,"name":"Michael Jackson","license_number":"12-224-42"},
{"id":4,"name":"Freddie Mercury","license_number":"46-251-01"}]
